Status,Duration,Credit History,Purpose,Credit Amount,Savings,Employment Since,Installment Rate,Sex,Doctor Guarantor,Residence Since,Property,Age,Other Installment Plan,Housing,Existing Credit,Job,Liable People,Telephone,Foreign Worker,Default_Prob_LogReg,Default_Prob_XGB,Actual,Risk_Segment
0,-0.2408572253028645,2,4,-0.02880135948537647,0,2,-0.8701833340815202,1,0,-0.7659772668958666,0,-1.0154990326677027,2,1,-0.7049259983890862,2,-0.4282895663715403,0,0,0.5158681555767947,0.67639977,0,High
0,-0.2408572253028645,2,0,0.39298625265863496,1,2,0.024146916773074168,2,0,1.0469866784197936,2,-0.048022039826482336,2,1,-0.7049259983890862,1,2.3348689263480744,1,0,0.4956578105657035,0.39082295,1,Medium
0,0.2569530922366421,1,0,-0.3353948758757713,1,3,-0.8701833340815202,2,0,0.1405047057619635,2,-0.3118794015104515,0,1,-0.7049259983890862,2,-0.4282895663715403,0,0,0.30518793210693707,0.031604584,1,Low
2,-0.738667542842371,2,4,-0.6997626618287492,0,2,0.024146916773074168,3,0,1.0469866784197936,0,-1.103451486562359,2,0,-0.7049259983890862,2,-0.4282895663715403,0,0,0.7982149538421656,0.96098214,1,High
3,1.003668568545902,4,1,1.4113020591206054,0,3,0.024146916773074168,2,0,-0.7659772668958666,2,-0.048022039826482336,2,1,1.0270789116578085,3,-0.4282895663715403,1,0,0.8363978999242812,0.99919623,1,High
0,0.2569530922366421,2,4,-0.31448271695434554,0,4,0.9184771676276685,2,0,1.0469866784197936,0,2.502599123118553,0,0,-0.7049259983890862,1,-0.4282895663715403,0,0,0.5200561604484641,0.8531713,1,High
2,-1.2364778603818776,2,3,-0.4094735405296355,0,2,-0.8701833340815202,2,0,-0.7659772668958666,0,0.479692683541456,2,1,-0.7049259983890862,2,-0.4282895663715403,1,0,0.9149558612327785,0.99271446,1,High
1,-0.738667542842371,3,4,-0.952126342372057,0,2,0.9184771676276685,3,1,1.0469866784197936,0,-1.3673088482463283,2,0,1.0270789116578085,2,-0.4282895663715403,0,0,0.7332827434997806,0.27799705,1,Low
3,-0.9875727016121243,2,0,0.10836822530431464,1,2,-1.7645135849361147,2,2,-0.7659772668958666,0,-0.8395941248783899,2,0,-0.7049259983890862,2,2.3348689263480744,0,1,0.9744617888226375,0.98528755,1,High
3,0.5058582510063954,3,1,1.893345044428047,3,2,-0.8701833340815202,2,0,-0.7659772668958666,2,-0.7516416709837335,2,1,1.0270789116578085,2,-0.4282895663715403,0,0,0.8143175218604796,0.9831907,1,High
1,-1.2364778603818776,2,4,-0.9879251228985655,0,3,0.024146916773074168,3,2,0.1405047057619635,0,-0.6636892170890771,0,1,-0.7049259983890862,1,-0.4282895663715403,0,0,0.8438774527931782,0.99862087,1,High
0,1.7503840448551617,2,4,0.24589225346555532,0,1,0.9184771676276685,2,0,0.1405047057619635,2,-0.13597449372113873,2,1,-0.7049259983890862,2,-0.4282895663715403,0,0,0.24500622335533478,0.34210548,0,Medium
3,0.2569530922366421,2,4,-0.6717616354763317,2,3,0.9184771676276685,1,0,-1.6724592395536968,2,-0.6636892170890771,2,1,-0.7049259983890862,2,-0.4282895663715403,0,0,0.8171776391187352,0.99828595,1,High
0,3.2438149974736814,2,9,1.4268975674687874,0,4,0.9184771676276685,2,1,1.0469866784197936,3,0.03993041406817406,2,0,-0.7049259983890862,2,-0.4282895663715403,0,0,0.2243411484128051,0.016096741,0,Low
1,3.2438149974736814,2,7,1.0692642055752515,0,2,0.9184771676276685,2,0,1.0469866784197936,3,0.5676451374361124,2,2,-0.7049259983890862,2,-0.4282895663715403,0,0,0.3080113981201773,0.0038259318,0,Low
0,-0.2408572253028645,2,3,0.3125276073168781,0,2,-0.8701833340815202,2,1,0.1405047057619635,2,0.5676451374361124,2,1,-0.7049259983890862,2,-0.4282895663715403,0,0,0.6255223550993112,0.939174,0,High
3,-0.4897623840726178,4,1,0.03428956065045045,3,4,0.024146916773074168,2,0,1.0469866784197936,3,-1.103451486562359,2,0,1.0270789116578085,2,-0.4282895663715403,1,0,0.9090404267068465,0.9967616,1,High
3,-0.2408572253028645,4,4,-0.7702968927671175,0,0,0.9184771676276685,1,0,1.0469866784197936,2,2.5905515770132093,2,1,1.0270789116578085,0,-0.4282895663715403,0,0,0.8901460869244925,0.9969254,1,High
0,-0.2408572253028645,4,3,-0.4066379935572388,0,2,0.9184771676276685,1,0,1.0469866784197936,0,-1.0154990326677027,2,0,1.0270789116578085,2,-0.4282895663715403,0,0,0.4471991580211778,0.6831662,0,High
0,-0.4897623840726178,3,3,0.13176148782658753,0,4,-1.7645135849361147,1,0,1.0469866784197936,1,-0.7516416709837335,2,1,1.0270789116578085,1,-0.4282895663715403,0,0,0.6210033024708469,0.98754543,1,High
3,2.2481943623946683,4,1,1.9801836704576965,4,3,-0.8701833340815202,2,0,-1.6724592395536968,3,-0.048022039826482336,2,2,1.0270789116578085,2,-0.4282895663715403,1,0,0.9041267221000314,0.998288,1,High
0,0.008047933466888799,3,7,0.05059395574173156,0,1,-0.8701833340815202,2,0,-1.6724592395536968,1,-0.8395941248783899,2,1,1.0270789116578085,2,-0.4282895663715403,0,0,0.5365933994121022,0.97592145,0,High
3,-0.2408572253028645,4,4,0.991995550577441,0,4,0.024146916773074168,2,0,1.0469866784197936,2,-0.22392694761579512,2,1,1.0270789116578085,2,-0.4282895663715403,1,0,0.8976709218987047,0.9995332,1,High
3,-1.4024146328950464,4,4,-0.6267473272895339,0,3,-0.8701833340815202,2,0,-1.6724592395536968,0,0.5676451374361124,2,1,1.0270789116578085,1,2.3348689263480744,0,0,0.9689227729634817,0.99973303,1,High
3,-0.9875727016121243,4,4,-0.06991679058512884,4,2,-1.7645135849361147,2,0,-0.7659772668958666,0,-0.22392694761579512,2,1,1.0270789116578085,2,2.3348689263480744,0,0,0.9750995359362812,0.99902856,1,High
0,0.2569530922366421,2,4,-0.5133254483936652,0,0,0.9184771676276685,2,0,-0.7659772668958666,2,-0.4877843092997643,1,1,-0.7049259983890862,3,2.3348689263480744,0,0,0.22532910567629288,0.27198407,0,Low
1,1.2525737273156552,2,4,-0.3361037626188705,0,3,0.9184771676276685,2,0,1.0469866784197936,2,-1.0154990326677027,2,0,-0.7049259983890862,2,-0.4282895663715403,0,0,0.38192083117396086,0.091812015,1,Low
2,1.7503840448551617,0,9,1.0696186489468011,0,1,-0.8701833340815202,0,0,-1.6724592395536968,1,-0.22392694761579512,2,1,1.0270789116578085,2,-0.4282895663715403,0,0,0.2873723303217996,0.55531627,1,Medium
3,1.2525737273156552,4,1,2.5540274889964816,4,4,-0.8701833340815202,2,0,1.0469866784197936,3,0.5676451374361124,2,2,1.0270789116578085,2,-0.4282895663715403,0,0,0.9002827207416882,0.99014086,1,High
3,-0.738667542842371,2,0,-0.14612211546829057,4,0,0.9184771676276685,2,0,1.0469866784197936,3,0.21583532185748686,2,1,-0.7049259983890862,3,-0.4282895663715403,1,0,0.8453461585388241,0.9907032,1,High
1,-0.6556991565857866,4,4,-0.8468566610218289,0,1,0.9184771676276685,2,2,1.0469866784197936,0,-1.103451486562359,2,1,1.0270789116578085,2,-0.4282895663715403,0,0,0.8284865781527252,0.9713613,1,High
2,-0.738667542842371,2,4,-0.49276773284378905,0,2,-0.8701833340815202,1,0,-0.7659772668958666,2,0.7435500452254252,2,0,-0.7049259983890862,1,-0.4282895663715403,1,0,0.8312360044892692,0.9800583,1,High
3,-0.2408572253028645,4,0,-0.6171773562576949,0,2,0.024146916773074168,2,0,-0.7659772668958666,1,-0.3118794015104515,0,1,1.0270789116578085,2,-0.4282895663715403,0,0,0.8263454663799799,0.6220346,0,High
2,-1.2364778603818776,4,0,-0.6905471341684599,1,4,-0.8701833340815202,0,0,1.0469866784197936,2,-0.6636892170890771,2,1,1.0270789116578085,2,2.3348689263480744,1,0,0.8684195348102922,0.9247888,1,High
3,1.2525737273156552,2,0,-0.06814457372738089,4,2,0.9184771676276685,2,0,1.0469866784197936,0,0.03993041406817406,2,1,-0.7049259983890862,2,-0.4282895663715403,0,0,0.8632162510188207,0.99752754,1,High
1,0.2569530922366421,2,1,-0.18121200925169992,4,4,0.9184771676276685,2,0,1.0469866784197936,3,0.03993041406817406,0,2,-0.7049259983890862,2,-0.4282895663715403,1,0,0.6370959813399052,0.97618276,1,High
1,1.2525737273156552,3,0,-0.1450587853536418,1,4,0.9184771676276685,2,0,0.1405047057619635,3,-0.4877843092997643,2,2,-0.7049259983890862,2,-0.4282895663715403,0,0,0.6105572026323451,0.041331403,1,Low
3,-0.738667542842371,2,0,-0.4034480032132925,4,4,0.9184771676276685,1,0,1.0469866784197936,3,1.4471696763826765,2,2,-0.7049259983890862,3,-0.4282895663715403,1,0,0.9316920779620324,0.9968548,1,High
3,-0.07492045278969563,4,0,0.07575943512175241,4,1,-0.8701833340815202,0,0,1.0469866784197936,0,0.7435500452254252,2,1,1.0270789116578085,2,-0.4282895663715403,1,0,0.947415595954597,0.9982968,1,High
0,1.2525737273156552,4,3,1.0483520466538259,0,1,0.9184771676276685,1,1,1.0469866784197936,3,-1.103451486562359,2,0,1.0270789116578085,1,-0.4282895663715403,1,0,0.26575394625287413,0.050540876,0,Low
2,1.2525737273156552,2,4,0.42594948621274675,0,4,0.9184771676276685,2,0,-0.7659772668958666,2,-0.3998318554051079,2,1,-0.7049259983890862,2,-0.4282895663715403,0,0,0.6202563246360012,0.7505862,1,High
3,-0.738667542842371,4,7,-0.4463356511707928,4,3,0.9184771676276685,1,0,-0.7659772668958666,2,2.238741761434584,2,1,-0.7049259983890862,2,-0.4282895663715403,0,0,0.972811113797819,0.99001276,1,High
2,0.2569530922366421,2,3,0.169332485210844,0,1,-0.8701833340815202,1,0,1.0469866784197936,2,-0.8395941248783899,2,1,-0.7049259983890862,2,-0.4282895663715403,0,0,0.5837967713311091,0.9191656,1,High
3,0.7547634097761486,4,4,-0.15604652987167908,0,2,0.9184771676276685,1,0,-0.7659772668958666,2,-0.22392694761579512,2,1,-0.7049259983890862,2,-0.4282895663715403,1,0,0.8644825857004208,0.99789536,1,High
1,0.008047933466888799,4,3,-0.18652865982494377,3,3,0.024146916773074168,2,0,-0.7659772668958666,2,-0.3118794015104515,2,1,1.0270789116578085,2,-0.4282895663715403,1,0,0.8523177943801803,0.9974476,1,High
0,-0.738667542842371,2,3,-0.7121681798329849,4,4,-0.8701833340815202,0,0,1.0469866784197936,1,1.1833123146987072,2,1,-0.7049259983890862,1,-0.4282895663715403,1,0,0.8385200921378254,0.85284394,1,High
0,0.2569530922366421,1,3,1.276259134560212,0,1,-0.8701833340815202,0,0,-1.6724592395536968,1,1.7110270380666455,0,1,-0.7049259983890862,2,-0.4282895663715403,1,0,0.2645952695985803,0.27452204,0,Low
1,-0.9875727016121243,2,3,-0.8340966996460436,0,2,0.9184771676276685,1,0,-1.6724592395536968,1,-0.4877843092997643,2,1,-0.7049259983890862,2,-0.4282895663715403,0,0,0.6140011732145402,0.9862932,0,High
2,-0.738667542842371,1,9,-0.9436197014548667,0,1,0.9184771676276685,1,0,-1.6724592395536968,0,-0.8395941248783899,2,1,-0.7049259983890862,0,-0.4282895663715403,0,0,0.6982478096516435,0.94948417,0,High
3,-1.4024146328950464,2,3,-0.9464552484272635,0,1,-1.7645135849361147,1,0,0.1405047057619635,0,-1.103451486562359,2,0,-0.7049259983890862,1,2.3348689263480744,0,0,0.8797734255327003,0.9290006,1,High
0,0.2569530922366421,2,3,-0.013205851137194536,0,1,0.9184771676276685,1,0,1.0469866784197936,0,-1.103451486562359,2,0,-0.7049259983890862,1,-0.4282895663715403,1,0,0.32328207375740087,0.24975015,0,Low
3,0.7547634097761486,4,4,1.2301814962587652,4,3,-0.8701833340815202,2,0,0.1405047057619635,1,0.03993041406817406,2,1,1.0270789116578085,2,-0.4282895663715403,0,0,0.9383933085035615,0.99954575,1,High
0,0.2569530922366421,2,4,-0.5913029901345749,0,4,0.9184771676276685,1,0,1.0469866784197936,2,1.7110270380666455,2,1,-0.7049259983890862,2,-0.4282895663715403,0,0,0.5146697449018907,0.7151678,1,High
1,1.2525737273156552,4,0,-0.15994540695872456,0,1,0.9184771676276685,0,0,1.0469866784197936,2,-0.7516416709837335,2,1,1.0270789116578085,2,-0.4282895663715403,0,0,0.32806462061078084,0.014835433,0,Low
1,-0.738667542842371,4,1,-0.5200598724531074,1,1,0.024146916773074168,2,0,1.0469866784197936,1,0.7435500452254252,2,1,-0.7049259983890862,2,-0.4282895663715403,0,0,0.8475654536655142,0.9974105,1,High
1,-0.2408572253028645,2,9,-0.48142554495420214,3,1,0.024146916773074168,3,0,0.1405047057619635,0,0.03993041406817406,0,1,-0.7049259983890862,2,-0.4282895663715403,1,0,0.7903538784990018,0.7175572,1,High
0,-1.2364778603818776,4,0,0.143458119087724,0,2,-1.7645135849361147,2,0,0.1405047057619635,0,0.12788286796283044,2,0,2.7590838217047033,2,2.3348689263480744,0,0,0.6788015725896493,0.99782854,1,High
1,-0.738667542842371,2,0,-0.7004715485718485,0,1,0.024146916773074168,1,0,-1.6724592395536968,2,-0.9275465787730462,2,0,-0.7049259983890862,2,-0.4282895663715403,0,0,0.4724086985242533,0.3140743,0,Medium
0,-0.738667542842371,2,7,-0.7341436688690595,4,2,0.9184771676276685,1,0,1.0469866784197936,1,-1.103451486562359,0,0,-0.7049259983890862,2,-0.4282895663715403,1,0,0.43470081091115775,0.20669216,1,Low
3,-0.738667542842371,2,0,-0.7692335626524688,0,2,0.024146916773074168,3,0,-0.7659772668958666,0,-0.7516416709837335,2,1,1.0270789116578085,2,-0.4282895663715403,1,0,0.8986357506145635,0.95938563,1,High
3,-0.738667542842371,2,1,0.4975470472657638,4,1,-1.7645135849361147,1,0,1.0469866784197936,2,-1.3673088482463283,2,0,-0.7049259983890862,2,-0.4282895663715403,0,0,0.8343024600510772,0.9172967,1,High
1,1.2525737273156552,3,0,-0.37083921303073025,0,4,0.9184771676276685,2,0,1.0469866784197936,3,1.8869319458559584,0,2,1.0270789116578085,2,-0.4282895663715403,1,0,0.5476566351196833,0.6034793,0,High
0,0.7547634097761486,2,3,1.091239694611326,4,4,0.9184771676276685,2,0,1.0469866784197936,1,-0.3998318554051079,2,1,-0.7049259983890862,2,-0.4282895663715403,0,0,0.5235025400268825,0.8320985,0,High
3,-0.738667542842371,2,1,-0.6586472307289969,3,3,0.024146916773074168,2,0,-0.7659772668958666,1,1.7110270380666455,2,1,-0.7049259983890862,2,-0.4282895663715403,0,1,0.9783121565630816,0.99936277,1,High
2,-0.9046043153555399,2,3,-0.7075604160028403,0,1,0.9184771676276685,1,0,-0.7659772668958666,1,-1.103451486562359,2,1,-0.7049259983890862,2,-0.4282895663715403,0,0,0.6441981678603989,0.4811845,1,Medium
1,0.2569530922366421,2,4,-0.13300771072095577,1,1,-0.8701833340815202,2,0,-1.6724592395536968,2,-0.5757367631944207,2,1,-0.7049259983890862,2,-0.4282895663715403,0,0,0.6380810324482477,0.84085125,1,High
3,0.008047933466888799,2,3,-0.3651681190859368,0,4,0.9184771676276685,2,0,-0.7659772668958666,0,1.2712647685933636,2,1,1.0270789116578085,2,-0.4282895663715403,0,0,0.8832437088818991,0.98901784,1,High
0,-0.2408572253028645,2,4,-0.3127105000965976,0,1,0.9184771676276685,1,0,-1.6724592395536968,2,-0.7516416709837335,1,1,-0.7049259983890862,2,-0.4282895663715403,0,0,0.2483850713541015,0.3346112,1,Medium
3,1.2525737273156552,2,1,1.723212226084244,0,2,-1.7645135849361147,1,0,-0.7659772668958666,1,-0.4877843092997643,0,1,-0.7049259983890862,2,-0.4282895663715403,0,0,0.5914353519631873,0.44660178,1,Medium
2,-0.2408572253028645,2,3,-0.14434989861054262,0,2,-0.8701833340815202,2,0,-1.6724592395536968,0,-0.13597449372113873,2,1,-0.7049259983890862,1,2.3348689263480744,0,0,0.840587758672662,0.98458606,0,High
1,-0.738667542842371,2,0,0.9948310975498378,0,3,-0.8701833340815202,2,0,-0.7659772668958666,2,-0.3118794015104515,2,1,-0.7049259983890862,2,-0.4282895663715403,0,0,0.634196945910344,0.8432535,1,High
1,-1.2364778603818776,2,4,-1.0290405539983178,4,4,0.9184771676276685,2,0,1.0469866784197936,1,0.21583532185748686,2,1,-0.7049259983890862,2,-0.4282895663715403,0,0,0.8638951893827925,0.9878763,1,High
0,-0.738667542842371,4,4,-1.023015016681975,0,3,0.9184771676276685,1,0,0.1405047057619635,0,1.9748843997506147,2,1,4.491088731751598,1,-0.4282895663715403,1,0,0.7213495284806879,0.99801636,1,High
1,-0.9046043153555399,1,4,-0.788019061344597,0,2,0.9184771676276685,2,0,1.0469866784197936,0,-1.103451486562359,1,1,-0.7049259983890862,1,-0.4282895663715403,0,0,0.4817603009262271,0.93139714,1,High
0,0.2569530922366421,4,1,1.1156962872482479,0,4,-0.8701833340815202,1,0,1.0469866784197936,3,0.7435500452254252,2,2,1.0270789116578085,3,2.3348689263480744,1,0,0.5887044633530757,0.8389927,1,High
0,0.2569530922366421,3,4,-0.7965257022617872,0,1,0.9184771676276685,3,0,1.0469866784197936,0,1.0953598608040507,1,1,-0.7049259983890862,2,-0.4282895663715403,0,0,0.6179052450842445,0.4097626,0,Medium
0,0.2569530922366421,2,0,-0.3431926300498623,0,4,0.9184771676276685,2,1,-1.6724592395536968,0,0.8315024991200816,2,1,-0.7049259983890862,2,-0.4282895663715403,0,0,0.7027124456749996,0.16271375,0,Low
1,-0.9875727016121243,2,4,-0.9971406505588548,0,2,0.9184771676276685,2,0,0.1405047057619635,0,-1.0154990326677027,2,1,-0.7049259983890862,2,-0.4282895663715403,0,0,0.6746874198254191,0.9431384,1,High
0,-0.738667542842371,4,3,-0.3633959022281889,0,4,0.024146916773074168,2,0,0.1405047057619635,1,2.1507893075399274,2,1,1.0270789116578085,2,-0.4282895663715403,0,0,0.8262010123622103,0.9933609,0,High
0,-0.738667542842371,2,4,-0.9017953836120153,1,1,0.9184771676276685,3,0,0.1405047057619635,3,-0.22392694761579512,2,1,-0.7049259983890862,1,-0.4282895663715403,1,0,0.5766129245750005,0.093542956,0,Low
3,-0.2408572253028645,2,4,-0.6444694958670133,0,1,0.024146916773074168,1,0,-1.6724592395536968,0,-0.8395941248783899,2,1,-0.7049259983890862,2,-0.4282895663715403,0,0,0.8277118969446908,0.94077086,1,High
3,-0.738667542842371,2,4,-0.3899791550944081,0,1,-0.8701833340815202,1,0,-0.7659772668958666,2,-0.5757367631944207,0,1,-0.7049259983890862,2,-0.4282895663715403,0,0,0.7000525734440469,0.7716516,1,High
3,-0.9875727016121243,2,4,-0.20354194165932407,0,2,-1.7645135849361147,2,0,-0.7659772668958666,0,-0.3118794015104515,2,1,-0.7049259983890862,2,2.3348689263480744,0,0,0.9253308230413433,0.99771476,1,High
1,-0.738667542842371,2,0,-0.8025512395781302,3,2,0.9184771676276685,3,0,-1.6724592395536968,0,-1.1914039404570154,2,1,-0.7049259983890862,2,-0.4282895663715403,0,0,0.79586388237239,0.343738,1,Medium
3,-0.738667542842371,4,7,-0.9110109112723046,0,2,0.9184771676276685,2,0,-0.7659772668958666,2,-0.3118794015104515,2,1,1.0270789116578085,2,-0.4282895663715403,0,0,0.8940882200453144,0.8534452,1,High
0,-0.738667542842371,1,4,-0.9375941641385238,0,2,0.9184771676276685,1,0,1.0469866784197936,0,-1.0154990326677027,0,1,-0.7049259983890862,1,-0.4282895663715403,0,0,0.23615727171571324,0.43981186,0,Medium
0,1.999289203624915,2,4,-0.5055276942195742,0,2,0.9184771676276685,2,0,1.0469866784197936,3,-1.103451486562359,2,2,-0.7049259983890862,2,-0.4282895663715403,1,0,0.28974236300955125,0.009558749,0,Low
1,3.2438149974736814,2,0,3.812301457997524,0,3,0.9184771676276685,2,0,-0.7659772668958666,3,-0.7516416709837335,2,1,-0.7049259983890862,3,-0.4282895663715403,1,0,0.14905468689701667,0.008868291,0,Low
3,0.7547634097761486,4,4,0.8860169824841139,0,3,0.9184771676276685,1,0,-0.7659772668958666,2,-0.9275465787730462,2,1,1.0270789116578085,2,-0.4282895663715403,0,0,0.7259644253200028,0.99297017,1,High
3,0.2569530922366421,2,0,-0.6189495731154429,3,3,0.9184771676276685,1,0,0.1405047057619635,2,-0.13597449372113873,2,1,-0.7049259983890862,2,2.3348689263480744,1,0,0.849432753245236,0.99902403,1,High
3,0.09101631972347322,2,0,-0.7047248690304435,4,3,0.9184771676276685,1,0,1.0469866784197936,1,-0.9275465787730462,2,0,-0.7049259983890862,2,-0.4282895663715403,0,0,0.8247671386085604,0.43888512,1,Medium
3,-1.2364778603818776,2,4,-0.9758740482658794,0,2,0.024146916773074168,1,0,-1.6724592395536968,0,-0.5757367631944207,2,1,-0.7049259983890862,2,-0.4282895663715403,0,0,0.8921900348152523,0.99964666,1,High
0,2.2481943623946683,0,3,1.3638066473329604,0,2,0.024146916773074168,2,0,1.0469866784197936,3,1.5351221302773328,2,2,1.0270789116578085,2,2.3348689263480744,0,0,0.11875965636121222,0.0014409092,0,Low
0,0.2569530922366421,2,3,-0.08870228927725708,0,2,-0.8701833340815202,0,0,-0.7659772668958666,0,-1.0154990326677027,2,0,-0.7049259983890862,1,-0.4282895663715403,0,0,0.3902459477997083,0.1463973,1,Low
3,2.2481943623946683,4,1,-0.18440199959564624,4,4,0.9184771676276685,2,0,0.1405047057619635,2,0.21583532185748686,2,1,1.0270789116578085,2,2.3348689263480744,1,0,0.9084029579121117,0.9998323,1,High
3,-1.2364778603818776,2,6,-0.9255430895058377,2,3,-0.8701833340815202,3,0,1.0469866784197936,0,-1.103451486562359,2,0,-0.7049259983890862,1,-0.4282895663715403,0,0,0.9511765064715452,0.9835867,1,High
3,0.2569530922366421,4,0,-0.28648169060192796,1,3,0.9184771676276685,3,0,0.1405047057619635,1,-0.7516416709837335,2,1,1.0270789116578085,2,-0.4282895663715403,1,0,0.9179510435495607,0.8626437,1,High
0,-0.2408572253028645,2,0,-0.36233257211354014,1,3,0.9184771676276685,2,0,0.1405047057619635,2,-0.4877843092997643,2,1,-0.7049259983890862,3,2.3348689263480744,1,0,0.4728069389603459,0.78216493,1,High
1,2.2481943623946683,0,9,3.9519521463880625,0,2,-0.8701833340815202,2,0,-0.7659772668958666,2,-0.9275465787730462,2,1,-0.7049259983890862,2,-0.4282895663715403,1,0,0.18185983109460738,0.023817787,0,Low
0,-0.2408572253028645,4,0,0.24624669683710493,0,4,-1.7645135849361147,1,0,1.0469866784197936,0,-0.22392694761579512,0,0,2.7590838217047033,2,-0.4282895663715403,1,0,0.5271934065657258,0.5113554,0,Medium
3,0.7547634097761486,4,4,-0.06885346047048008,4,4,0.024146916773074168,2,0,-0.7659772668958666,2,0.3917402296467996,2,1,1.0270789116578085,2,2.3348689263480744,1,0,0.9555013182037715,0.9993647,1,High
1,-0.9875727016121243,2,3,-0.8195645214125105,0,2,-1.7645135849361147,1,0,-0.7659772668958666,2,-0.5757367631944207,2,1,-0.7049259983890862,2,-0.4282895663715403,0,1,0.8404599037827828,0.8246981,0,High
2,-0.9875727016121243,2,4,-0.8954154029241226,0,2,0.024146916773074168,1,0,-0.7659772668958666,0,-0.6636892170890771,2,1,-0.7049259983890862,1,-0.4282895663715403,0,0,0.8123482998286203,0.98910517,0,High
3,0.2569530922366421,4,4,-0.20814970548946873,0,2,0.9184771676276685,2,0,-0.7659772668958666,0,-0.048022039826482336,2,1,1.0270789116578085,1,-0.4282895663715403,0,0,0.8968221993638963,0.9987533,1,High
3,-0.738667542842371,2,7,-0.6657360981599887,0,4,0.9184771676276685,2,0,1.0469866784197936,1,1.0074074069093943,0,1,2.7590838217047033,2,2.3348689263480744,1,0,0.7708172640651689,0.9616954,1,High
0,-0.2408572253028645,4,4,-0.4931221762153386,0,3,0.9184771676276685,3,0,-1.6724592395536968,1,-0.3118794015104515,2,1,1.0270789116578085,3,-0.4282895663715403,1,0,0.7397367290186722,0.96278566,1,High
1,-0.9875727016121243,2,7,-0.734498112240609,0,3,0.9184771676276685,1,0,1.0469866784197936,1,2.7664564848025224,2,1,1.0270789116578085,3,-0.4282895663715403,1,0,0.7745000902995369,0.70174384,1,High
1,0.2569530922366421,2,3,-0.07168900744287679,1,4,0.9184771676276685,2,0,1.0469866784197936,3,-0.4877843092997643,2,2,-0.7049259983890862,2,-0.4282895663715403,0,0,0.5752061845791232,0.10322402,1,Low
3,0.2569530922366421,2,3,0.24837335706640246,0,3,-0.8701833340815202,1,0,1.0469866784197936,1,-0.9275465787730462,2,0,-0.7049259983890862,2,-0.4282895663715403,1,0,0.8060013594638523,0.9881362,1,High
0,-1.2364778603818776,2,0,4.1203127478741175,0,4,-1.7645135849361147,2,0,1.0469866784197936,3,2.8544089386971785,0,1,-0.7049259983890862,3,-0.4282895663715403,1,0,0.44751137209038244,0.042904623,0,Low
0,1.2525737273156552,2,4,-0.3435470734214119,0,2,0.9184771676276685,0,0,1.0469866784197936,2,-0.3998318554051079,2,0,-0.7049259983890862,2,-0.4282895663715403,0,0,0.17855639964676975,0.047503352,0,Low
0,-1.0705410878687087,4,0,-0.9003776101258169,0,4,0.9184771676276685,2,0,1.0469866784197936,0,1.0074074069093943,2,1,1.0270789116578085,1,-0.4282895663715403,0,0,0.7949738718974977,0.96150607,1,High
0,-0.4897623840726178,4,3,-0.6515583632980051,0,2,0.9184771676276685,1,0,0.1405047057619635,1,-0.9275465787730462,2,0,1.0270789116578085,2,-0.4282895663715403,0,0,0.44859217597911716,0.9547779,1,High
3,-1.2364778603818776,2,5,-0.6852304835952161,2,2,-1.7645135849361147,0,0,1.0469866784197936,0,2.3266942153292405,2,1,-0.7049259983890862,2,-0.4282895663715403,0,0,0.9617468275204837,0.99884653,1,High
1,-0.2408572253028645,4,3,-0.7004715485718485,0,1,0.9184771676276685,1,0,-1.6724592395536968,1,-0.7516416709837335,2,1,1.0270789116578085,2,-0.4282895663715403,0,0,0.6218799387553771,0.85967,1,High
0,-1.2364778603818776,4,3,-0.49595772318773534,0,0,0.9184771676276685,2,0,1.0469866784197936,3,0.03993041406817406,2,2,2.7590838217047033,3,-0.4282895663715403,1,0,0.48500647124907803,0.9727711,1,High
1,-0.2408572253028645,4,0,-0.8461477742787297,0,4,0.9184771676276685,2,0,1.0469866784197936,2,0.03993041406817406,0,1,-0.7049259983890862,2,2.3348689263480744,1,0,0.6948587221390795,0.28343913,0,Low
3,0.2569530922366421,3,0,-0.25989843773570875,0,4,0.9184771676276685,2,0,1.0469866784197936,2,1.0074074069093943,2,1,1.0270789116578085,1,2.3348689263480744,0,0,0.8351732477062968,0.9874371,0,High
3,0.2569530922366421,2,4,-0.058929046067091574,4,1,0.9184771676276685,2,0,-0.7659772668958666,2,-0.9275465787730462,2,1,1.0270789116578085,2,-0.4282895663715403,0,0,0.7681670316145205,0.9880536,1,High
3,2.2481943623946683,4,9,1.544572766823251,4,4,0.9184771676276685,0,0,-0.7659772668958666,2,0.919454953014738,0,1,1.0270789116578085,3,2.3348689263480744,0,0,0.6980629289732704,0.8958042,1,High
0,-0.738667542842371,4,0,-0.3899791550944081,0,2,0.9184771676276685,2,0,1.0469866784197936,1,0.21583532185748686,0,1,1.0270789116578085,1,-0.4282895663715403,0,1,0.6309249569723765,0.9203432,1,High
1,-0.2408572253028645,2,1,-0.17447758519225773,0,2,-1.7645135849361147,3,0,0.1405047057619635,2,-1.279356394351672,2,0,-0.7049259983890862,2,-0.4282895663715403,1,0,0.7063238417651252,0.7495178,1,High
0,-0.9875727016121243,4,4,-0.756119157905134,0,2,0.9184771676276685,2,0,1.0469866784197936,0,-0.9275465787730462,2,1,1.0270789116578085,1,-0.4282895663715403,0,0,0.6486643024442109,0.9621828,1,High
0,-0.738667542842371,2,3,-0.572163048070897,0,2,-0.8701833340815202,2,0,-0.7659772668958666,0,-0.7516416709837335,2,1,-0.7049259983890862,2,-0.4282895663715403,0,0,0.6490569206185732,0.9723756,1,High
1,0.008047933466888799,2,9,-0.1787309056508528,1,4,0.9184771676276685,0,0,-0.7659772668958666,2,2.238741761434584,0,0,1.0270789116578085,1,-0.4282895663715403,0,0,0.4491616674285518,0.86169434,0,High
1,-0.2408572253028645,4,3,-0.4761088943809583,0,1,-0.8701833340815202,2,0,-0.7659772668958666,0,-0.3998318554051079,2,1,1.0270789116578085,1,-0.4282895663715403,0,0,0.8159159869906066,0.814163,0,High
1,1.2525737273156552,2,6,-0.31448271695434554,0,1,0.9184771676276685,2,0,-1.6724592395536968,3,-0.22392694761579512,2,0,-0.7049259983890862,1,-0.4282895663715403,0,0,0.3810674729304828,0.5255073,0,Medium
3,-0.9875727016121243,4,7,-0.7185481605208774,4,4,0.9184771676276685,1,0,1.0469866784197936,1,0.479692683541456,2,0,1.0270789116578085,1,-0.4282895663715403,0,0,0.9545838046146701,0.97070575,1,High
3,-0.738667542842371,4,3,0.02117515590311564,0,4,-0.8701833340815202,2,0,1.0469866784197936,1,0.5676451374361124,1,1,-0.7049259983890862,2,-0.4282895663715403,0,0,0.9475227522589958,0.9712423,1,High
3,0.2569530922366421,4,7,-0.5934296503638724,0,4,0.9184771676276685,2,0,1.0469866784197936,3,1.6230745841719891,2,2,1.0270789116578085,2,2.3348689263480744,0,0,0.9145168500406122,0.9328634,1,High
3,0.2569530922366421,3,9,0.2097390295674972,0,2,-1.7645135849361147,2,0,-0.7659772668958666,3,-0.3118794015104515,2,2,-0.7049259983890862,2,-0.4282895663715403,0,0,0.9112242152409054,0.9713911,1,High
0,-0.738667542842371,2,4,-0.9081753642999079,0,4,0.9184771676276685,2,0,1.0469866784197936,0,1.8869319458559584,1,1,-0.7049259983890862,1,-0.4282895663715403,0,0,0.6949313511631404,0.9920535,0,High
1,-0.4897623840726178,2,4,-0.8752121307457961,0,4,0.9184771676276685,2,0,0.1405047057619635,2,0.12788286796283044,2,1,-0.7049259983890862,2,2.3348689263480744,0,0,0.6609811540827123,0.76686877,0,High
3,-0.738667542842371,2,3,-0.5441620217184795,0,3,0.024146916773074168,1,0,1.0469866784197936,0,-0.3998318554051079,2,1,-0.7049259983890862,1,-0.4282895663715403,0,0,0.8737672346934163,0.99551,1,High
0,-1.2364778603818776,2,0,-0.9248342027627385,0,1,0.024146916773074168,2,0,1.0469866784197936,0,0.479692683541456,2,1,-0.7049259983890862,1,2.3348689263480744,1,0,0.6831005266942277,0.93922836,1,High
3,-1.2364778603818776,1,0,-0.8819465548052382,4,2,-1.7645135849361147,2,2,-0.7659772668958666,0,-0.8395941248783899,1,1,-0.7049259983890862,1,2.3348689263480744,0,0,0.9638979184223072,0.5846772,1,Medium
0,0.008047933466888799,2,4,-0.5090721279350702,0,2,0.024146916773074168,1,0,-0.7659772668958666,0,-0.9275465787730462,2,1,1.0270789116578085,2,-0.4282895663715403,1,0,0.46162570325264,0.16002086,0,Low
1,-1.2364778603818776,4,8,-0.8291344924443494,4,3,-1.7645135849361147,1,0,0.1405047057619635,1,0.3037877757521432,2,1,1.0270789116578085,1,-0.4282895663715403,0,0,0.9463331159166434,0.9942782,1,High
0,-1.2364778603818776,2,3,-0.6724705222194308,0,2,-1.7645135849361147,2,0,-0.7659772668958666,0,0.03993041406817406,0,1,-0.7049259983890862,1,-0.4282895663715403,1,0,0.7128238559596978,0.9772325,1,High
0,-1.0705410878687087,4,2,-0.7469036302448446,0,4,0.024146916773074168,2,0,1.0469866784197936,3,1.35921722248802,0,2,1.0270789116578085,3,2.3348689263480744,1,0,0.6681885773611198,0.86794645,1,High
0,2.2481943623946683,4,1,1.0178699167005612,0,4,0.9184771676276685,1,0,1.0469866784197936,3,1.9748843997506147,1,2,1.0270789116578085,1,-0.4282895663715403,0,0,0.343754575394198,0.3733328,0,Medium
3,-1.2364778603818776,0,0,-0.732725895382861,1,2,0.9184771676276685,2,0,-1.6724592395536968,3,-0.048022039826482336,0,0,-0.7049259983890862,2,-0.4282895663715403,0,1,0.684599242364738,0.87304515,1,High
1,-1.2364778603818776,1,7,-1.0060017348475945,3,1,0.9184771676276685,1,0,-0.7659772668958666,1,-1.0154990326677027,0,0,-0.7049259983890862,2,2.3348689263480744,0,0,0.38518598189632236,0.4309289,0,Medium
3,-0.738667542842371,2,3,-0.601581847909513,0,2,0.9184771676276685,2,0,-0.7659772668958666,0,1.2712647685933636,2,1,-0.7049259983890862,2,-0.4282895663715403,0,0,0.9074870677158802,0.9988207,1,High
1,1.2525737273156552,4,1,0.896295840259052,0,2,0.024146916773074168,2,0,1.0469866784197936,2,-0.13597449372113873,2,1,1.0270789116578085,2,-0.4282895663715403,1,0,0.5926985771433112,0.99295527,1,High
0,0.2569530922366421,1,9,-0.03908021726031456,0,2,0.9184771676276685,2,0,-0.7659772668958666,1,-0.3998318554051079,2,0,-0.7049259983890862,2,-0.4282895663715403,1,0,0.37204945419264146,0.53959996,0,Medium
1,-1.0705410878687087,2,9,-0.8379955767330891,0,1,0.024146916773074168,3,0,-0.7659772668958666,0,-0.8395941248783899,2,1,-0.7049259983890862,2,-0.4282895663715403,1,0,0.8280736269484701,0.7947752,1,High
3,-0.738667542842371,1,8,0.06229058700286801,2,2,0.9184771676276685,1,0,0.1405047057619635,0,-0.048022039826482336,2,1,-0.7049259983890862,1,2.3348689263480744,0,0,0.8204729517749829,0.8578694,1,High
0,1.2525737273156552,2,3,-0.19822529108608022,0,4,-0.8701833340815202,2,0,-0.7659772668958666,1,0.479692683541456,0,1,-0.7049259983890862,2,2.3348689263480744,0,0,0.4276600051150813,0.6287087,0,High
0,0.2569530922366421,2,4,-0.4725644606654624,0,1,0.9184771676276685,0,0,0.1405047057619635,1,-0.3118794015104515,2,1,-0.7049259983890862,2,-0.4282895663715403,0,0,0.28287335167322414,0.05590299,0,Low
3,0.2569530922366421,4,4,-0.5034010339902767,0,3,0.9184771676276685,3,2,-0.7659772668958666,2,-0.22392694761579512,2,1,1.0270789116578085,2,-0.4282895663715403,1,0,0.9581026990706295,0.9992028,1,High
1,0.2569530922366421,2,0,0.08532940615359133,1,3,-0.8701833340815202,2,0,0.1405047057619635,2,0.21583532185748686,0,1,1.0270789116578085,2,-0.4282895663715403,1,0,0.5243570447276412,0.77279955,1,High
1,-0.2408572253028645,3,9,-0.2992416519777132,4,4,0.9184771676276685,2,0,-0.7659772668958666,1,0.5676451374361124,2,1,1.0270789116578085,2,-0.4282895663715403,0,0,0.8630482767648174,0.998654,1,High
0,-0.2408572253028645,4,6,-0.7376881025845553,0,0,-0.8701833340815202,1,0,1.0469866784197936,3,1.7110270380666455,2,2,2.7590838217047033,0,2.3348689263480744,0,0,0.5836706088614008,0.5090425,0,Medium
3,-0.9046043153555399,2,0,-0.6115062623129015,0,2,0.024146916773074168,2,0,-0.7659772668958666,0,-0.3998318554051079,2,1,-0.7049259983890862,1,2.3348689263480744,0,1,0.9405929586143015,0.9941864,1,High
1,-0.738667542842371,2,3,-0.09012006276345544,0,1,0.024146916773074168,1,0,-1.6724592395536968,0,-0.13597449372113873,2,0,-0.7049259983890862,3,-0.4282895663715403,0,0,0.5874317144304899,0.6217801,1,High
1,-0.9875727016121243,2,0,-1.06164934418088,0,2,0.9184771676276685,3,0,1.0469866784197936,0,-1.1914039404570154,2,0,-0.7049259983890862,1,-0.4282895663715403,0,0,0.6595212909986584,0.49243414,1,Medium
3,-0.738667542842371,4,0,-0.831261152673647,0,0,-1.7645135849361147,1,0,-0.7659772668958666,1,0.21583532185748686,2,1,-0.7049259983890862,0,-0.4282895663715403,0,0,0.9480772688248353,0.9929091,1,High
1,-0.9875727016121243,2,9,-0.6664449849030879,0,2,-0.8701833340815202,3,0,-1.6724592395536968,0,-0.7516416709837335,0,1,-0.7049259983890862,2,-0.4282895663715403,1,0,0.7946939294646655,0.42731878,1,Medium
1,0.2569530922366421,2,3,0.27850104364811756,0,3,0.024146916773074168,0,0,0.1405047057619635,2,0.6555975913307688,2,1,-0.7049259983890862,2,-0.4282895663715403,1,0,0.5667379847739762,0.576536,0,Medium
1,-1.2364778603818776,1,0,-0.829488935815899,1,1,-1.7645135849361147,1,0,-1.6724592395536968,1,-0.3118794015104515,1,1,-0.7049259983890862,1,-0.4282895663715403,0,0,0.6495770218476228,0.4519919,0,Medium
3,-0.9046043153555399,2,1,-0.13123549386320782,4,1,-1.7645135849361147,1,0,1.0469866784197936,0,-0.3998318554051079,2,0,-0.7049259983890862,2,-0.4282895663715403,0,0,0.9213984258641953,0.9923315,1,High
0,-0.738667542842371,2,7,-0.9170364485886475,0,2,0.9184771676276685,2,0,1.0469866784197936,2,0.3917402296467996,2,0,-0.7049259983890862,1,2.3348689263480744,0,0,0.4638481780383244,0.21578568,0,Low
0,2.2481943623946683,2,7,1.4903429309761638,0,3,0.9184771676276685,2,0,-1.6724592395536968,3,1.2712647685933636,2,2,-0.7049259983890862,3,-0.4282895663715403,1,0,0.3757365510187454,0.0050616455,1,Low
3,-0.4897623840726178,2,3,-0.3722569865169286,2,2,-0.8701833340815202,1,0,1.0469866784197936,2,-1.3673088482463283,2,0,-0.7049259983890862,2,-0.4282895663715403,0,0,0.7990949423268678,0.9540235,1,High
0,-0.738667542842371,4,0,0.5570935336860948,0,4,0.024146916773074168,2,1,1.0469866784197936,1,0.6555975913307688,2,0,1.0270789116578085,2,-0.4282895663715403,1,0,0.777122818792072,0.6206016,0,High
3,-0.2408572253028645,2,3,-0.2680506352813493,0,2,0.024146916773074168,2,0,1.0469866784197936,0,0.6555975913307688,2,1,-0.7049259983890862,2,-0.4282895663715403,1,0,0.9104890276875989,0.9982502,1,High
0,-0.738667542842371,2,0,0.13459703479898424,3,2,-1.7645135849361147,2,0,0.1405047057619635,1,-0.3998318554051079,2,1,-0.7049259983890862,2,2.3348689263480744,0,0,0.7017554027224209,0.9454691,1,High
2,-1.4024146328950464,2,0,-0.6299373176334802,4,1,-1.7645135849361147,2,0,-0.7659772668958666,0,-0.5757367631944207,2,1,-0.7049259983890862,1,2.3348689263480744,0,1,0.965833418257156,0.98706865,1,High
1,2.2481943623946683,2,2,0.747784067579774,4,0,0.024146916773074168,2,0,1.0469866784197936,3,0.3917402296467996,0,2,-0.7049259983890862,0,-0.4282895663715403,1,0,0.43528355815247627,0.91802746,1,High
2,-0.738667542842371,2,4,0.04527730516848772,4,4,-0.8701833340815202,2,0,0.1405047057619635,2,0.12788286796283044,2,1,-0.7049259983890862,3,-0.4282895663715403,0,0,0.9071941513296304,0.97762007,1,High
0,-0.4897623840726178,4,3,-0.6356084115782735,0,4,0.9184771676276685,2,0,1.0469866784197936,2,0.7435500452254252,2,1,1.0270789116578085,2,2.3348689263480744,1,0,0.7033570244486813,0.9886784,1,High
1,-1.2364778603818776,3,9,-0.6458872693532116,1,4,-1.7645135849361147,0,0,-0.7659772668958666,2,-0.3998318554051079,0,1,1.0270789116578085,2,2.3348689263480744,0,0,0.6704713293606267,0.7821554,1,High
1,0.2569530922366421,4,4,-0.5416809181176324,0,4,0.9184771676276685,2,0,-0.7659772668958666,1,1.0953598608040507,2,1,1.0270789116578085,1,-0.4282895663715403,0,0,0.8236240064254291,0.9126672,1,High
3,-0.738667542842371,2,4,-0.06885346047048008,0,2,-0.8701833340815202,2,0,1.0469866784197936,2,1.4471696763826765,2,1,-0.7049259983890862,2,-0.4282895663715403,1,0,0.9221522032149727,0.99896896,1,High
3,-1.2364778603818776,2,3,-0.5335287205719919,0,2,-1.7645135849361147,3,0,-0.7659772668958666,1,-1.279356394351672,2,0,-0.7049259983890862,2,-0.4282895663715403,0,0,0.9132605525511804,0.68502253,1,High
1,-0.9875727016121243,2,3,-0.4399556704829002,4,3,-0.8701833340815202,2,0,-1.6724592395536968,2,-1.0154990326677027,2,1,-0.7049259983890862,2,-0.4282895663715403,1,0,0.8697206680032072,0.8755452,1,High
3,-0.8216359290989554,4,4,-0.7504480639603406,1,0,0.9184771676276685,1,0,1.0469866784197936,0,1.8869319458559584,2,1,2.7590838217047033,1,-0.4282895663715403,0,0,0.9037806802524415,0.99225265,1,High
0,-0.07492045278969563,4,3,0.3547063685312793,0,4,-1.7645135849361147,1,0,1.0469866784197936,1,-1.0154990326677027,2,1,1.0270789116578085,2,-0.4282895663715403,0,0,0.6448855282749794,0.98072344,1,High
1,4.239435632552695,2,4,0.8236349490913861,1,2,-0.8701833340815202,3,0,-0.7659772668958666,2,-1.0154990326677027,2,1,-0.7049259983890862,2,-0.4282895663715403,0,0,0.39744439592570135,0.4068871,0,Medium
0,-0.738667542842371,4,0,-0.407346880300338,0,2,0.024146916773074168,2,0,-0.7659772668958666,0,0.3037877757521432,2,0,1.0270789116578085,1,2.3348689263480744,0,1,0.8148166719296792,0.9875608,1,High
3,0.2569530922366421,4,9,0.3075654001151839,1,2,0.024146916773074168,2,0,0.1405047057619635,1,-0.7516416709837335,2,1,1.0270789116578085,1,-0.4282895663715403,1,0,0.9184641999011225,0.9928524,1,High
3,-1.1535094741252931,3,4,-0.859616622397614,4,4,0.024146916773074168,2,0,1.0469866784197936,3,0.03993041406817406,2,2,-0.7049259983890862,2,-0.4282895663715403,0,0,0.9633863265175211,0.99196553,1,High
3,-0.4897623840726178,4,7,-0.6164684695145958,1,2,0.9184771676276685,1,0,0.1405047057619635,2,-0.3998318554051079,2,1,-0.7049259983890862,2,-0.4282895663715403,0,0,0.8960915240726324,0.64386827,1,High
1,0.008047933466888799,2,3,0.24979113055260083,4,3,-0.8701833340815202,2,0,0.1405047057619635,2,-0.048022039826482336,2,1,-0.7049259983890862,2,-0.4282895663715403,1,0,0.8331656937768829,0.95487475,1,High
1,-0.738667542842371,2,4,-0.8879720921215812,2,2,0.9184771676276685,2,0,0.1405047057619635,0,2.678504030907866,2,1,-0.7049259983890862,1,-0.4282895663715403,0,0,0.8804054508636145,0.9969536,0,High
1,0.2569530922366421,2,0,-0.7178392737777783,0,1,0.9184771676276685,2,0,-0.7659772668958666,0,-1.103451486562359,1,1,-0.7049259983890862,1,-0.4282895663715403,0,0,0.47003236249572755,0.018799795,0,Low
3,-0.738667542842371,2,9,-0.6129240357990998,0,3,-0.8701833340815202,2,0,1.0469866784197936,2,0.03993041406817406,2,1,-0.7049259983890862,2,-0.4282895663715403,1,0,0.9265799035108742,0.9954638,1,High
3,0.2569530922366421,2,3,-0.8301978225589982,4,3,0.9184771676276685,2,0,-0.7659772668958666,2,-0.3998318554051079,1,1,-0.7049259983890862,2,-0.4282895663715403,1,0,0.887642958740475,0.9959039,1,High
3,-0.4897623840726178,2,1,-0.08586674230486037,0,3,-0.8701833340815202,2,0,-0.7659772668958666,2,-0.22392694761579512,2,1,-0.7049259983890862,2,-0.4282895663715403,0,0,0.8709455107240293,0.99987817,1,High
3,-0.2408572253028645,2,3,-0.6161140261430461,0,1,0.9184771676276685,3,1,-1.6724592395536968,1,0.6555975913307688,2,1,-0.7049259983890862,1,2.3348689263480744,0,0,0.9087983245856113,0.99154025,0,High
1,2.2481943623946683,3,9,1.2085604505942402,4,2,0.9184771676276685,2,0,1.0469866784197936,3,0.21583532185748686,2,2,-0.7049259983890862,2,2.3348689263480744,1,0,0.6493904194113177,0.8493091,1,High
1,-0.738667542842371,2,0,-0.8447300007925314,0,4,0.9184771676276685,2,0,1.0469866784197936,2,0.479692683541456,0,1,-0.7049259983890862,1,2.3348689263480744,0,0,0.5170196168559477,0.20276779,0,Low
1,-0.2408572253028645,3,3,0.363567452820019,0,4,0.9184771676276685,0,0,0.1405047057619635,3,0.3917402296467996,2,1,-0.7049259983890862,3,-0.4282895663715403,1,0,0.5813637886447772,0.88819283,0,High
2,0.7547634097761486,3,9,-0.4831977618119501,0,4,0.9184771676276685,2,0,1.0469866784197936,0,2.678504030907866,2,1,-0.7049259983890862,3,-0.4282895663715403,1,0,0.933240758261225,0.9788415,0,High
3,0.2569530922366421,2,4,-0.012851407765644947,2,4,0.024146916773074168,0,0,-0.7659772668958666,2,-0.8395941248783899,2,1,-0.7049259983890862,3,-0.4282895663715403,1,0,0.8289586024444497,0.9964455,1,High
1,3.2438149974736814,2,0,1.4662407817107916,1,1,0.9184771676276685,1,0,-0.7659772668958666,1,-1.0154990326677027,2,1,-0.7049259983890862,3,-0.4282895663715403,0,0,0.18763843327155952,0.036453765,0,Low
0,0.2569530922366421,2,9,1.1685083496091366,0,2,-0.8701833340815202,3,0,-0.7659772668958666,2,-1.279356394351672,1,1,-0.7049259983890862,1,-0.4282895663715403,0,0,0.3916019898874206,0.32668498,1,Medium
0,0.2569530922366421,1,1,0.12786261073954205,0,2,-1.7645135849361147,1,2,1.0469866784197936,2,-1.1914039404570154,0,0,-0.7049259983890862,2,-0.4282895663715403,0,1,0.4378381743164021,0.68736196,1,High
3,2.746004679934175,0,1,2.185051939213359,4,2,-0.8701833340815202,2,0,-0.7659772668958666,1,0.3037877757521432,2,1,-0.7049259983890862,1,2.3348689263480744,0,0,0.6466477650607977,0.9958567,1,High
